Date,2330tw,0050tw,qqq
2017-01-03,153.2252960205078,71.9000015258789,114.72312927246094
2017-01-04,153.2252960205078,71.8499984741211,115.346923828125
2017-01-05,153.64395141601562,72.5,115.99951934814453
2017-01-06,154.06260681152344,72.6500015258789,117.01680755615234
2017-01-09,154.06260681152344,72.44999694824219,117.40068817138672
2017-01-10,154.06260681152344,72.4000015258789,117.6598129272461
2017-01-11,152.3880157470703,72.4000015258789,117.97650909423828
2017-01-12,154.48126220703125,73.1500015258789,117.7941665649414
2017-01-13,151.96937561035156,72.5999984741211,118.19725036621094
2017-01-17,151.55068969726562,72.30000305175781,117.84215545654297
2017-01-18,151.55068969726562,72.1500015258789,118.08209228515625
2017-01-19,151.13209533691406,71.94999694824219,118.02450561523438
2017-01-20,151.55068969726562,72.1500015258789,118.28361511230469
2017-01-23,154.89990234375,72.75,118.37958526611328
2017-01-24,155.3185577392578,73.30000305175781,119.17615509033203
2017-02-02,154.48126220703125,72.9000015258789,120.27021026611328
2017-02-03,154.48126220703125,72.8499984741211,120.61569213867188
2017-02-06,154.48126220703125,73.25,120.7596664428711
2017-02-07,154.48126220703125,73.30000305175781,121.20111846923828
2017-02-08,153.64395141601562,71.75,121.40265655517578
2017-02-09,154.06260681152344,72.0,121.8441390991211
2017-02-10,155.3185577392578,72.80000305175781,122.24720764160156
2017-02-13,156.99314880371094,72.94999694824219,122.93818664550781
2017-02-14,156.99314880371094,73.19999694824219,123.35087585449219
2017-02-15,158.24911499023438,73.9000015258789,124.08023834228516
2017-02-16,158.24911499023438,73.44999694824219,124.04183197021484
2017-02-17,158.66773986816406,73.3499984741211,124.57927703857422
2017-02-21,159.08641052246094,73.25,125.19348907470703
2017-02-22,157.83042907714844,73.30000305175781,125.2414779663086
2017-02-23,157.83042907714844,73.0999984741211,124.7712173461914
2017-02-24,158.24911499023438,73.1500015258789,125.0111312866211
2017-03-01,155.73724365234375,72.3499984741211,126.14361572265625
2017-03-02,155.73724365234375,72.55000305175781,125.51017761230469
2017-03-03,154.06260681152344,72.0999984741211,125.74052429199219
2017-03-06,153.64395141601562,72.1500015258789,125.46222686767578
2017-03-07,155.3185577392578,72.44999694824219,125.25105285644531
2017-03-08,156.5745086669922,72.8499984741211,125.4718246459961
2017-03-09,154.48126220703125,72.05000305175781,125.5677719116211
2017-03-10,153.64395141601562,72.0,126.09564208984375
2017-03-13,156.15582275390625,72.5,126.3067398071289
2017-03-14,155.73724365234375,73.0,125.99962615966797
2017-03-15,156.15582275390625,72.8499984741211,126.77703857421875
2017-03-16,159.08641052246094,73.80000305175781,126.69062805175781
2017-03-17,160.34231567382812,74.0,126.64642333984375
2017-03-20,160.34231567382812,73.94999694824219,126.76178741455078
2017-03-21,163.27285766601562,74.9000015258789,124.83838653564453
2017-03-22,162.01690673828125,74.19999694824219,125.6847152709961
2017-03-23,162.01690673828125,74.3499984741211,125.36734008789062
2017-03-24,161.17962646484375,74.25,125.62699890136719
2017-03-27,161.5982666015625,74.19999694824219,125.82897186279297
2017-03-28,162.85423278808594,74.25,126.59832000732422
2017-03-29,160.34231567382812,74.0,127.18492889404297
2017-03-30,160.34231567382812,73.9000015258789,127.39653778076172
2017-03-31,158.24911499023438,73.69999694824219,127.31000518798828
2017-04-05,161.5982666015625,74.6500015258789,126.91567993164062
2017-04-06,160.34231567382812,74.4000015258789,126.98295593261719
2017-04-07,159.92367553710938,74.0999984741211,126.91567993164062
2017-04-10,159.08641052246094,74.19999694824219,126.9637451171875
2017-04-11,159.92367553710938,73.9000015258789,126.41556549072266
2017-04-12,159.92367553710938,74.05000305175781,125.90589141845703
2017-04-13,160.34231567382812,74.4000015258789,125.40579986572266
2017-04-17,156.99314880371094,73.5999984741211,126.44441986083984
2017-04-18,157.4118194580078,73.5999984741211,126.25209045410156
2017-04-19,156.15582275390625,72.80000305175781,126.45404815673828
2017-04-20,156.5745086669922,72.80000305175781,127.51193237304688
2017-04-21,159.08641052246094,73.5,127.48309326171875
2017-04-24,159.08641052246094,73.6500015258789,129.0218048095703
2017-04-25,160.76095581054688,74.3499984741211,129.9546356201172
2017-04-26,159.92367553710938,74.55000305175781,129.7719268798828
2017-04-27,161.5982666015625,74.5,130.5509033203125
2017-04-28,162.85423278808594,74.55000305175781,130.78173828125
2017-05-02,164.52880859375,75.19999694824219,132.1665802001953
2017-05-03,165.78475952148438,75.55000305175781,131.743408203125
2017-05-04,165.78475952148438,75.6500015258789,131.79148864746094
2017-05-05,165.3661346435547,75.1500015258789,132.27235412597656
2017-05-08,169.55259704589844,75.69999694824219,132.56085205078125
2017-05-09,170.38990783691406,75.94999694824219,133.02247619628906
2017-05-10,172.0644989013672,76.25,133.09942626953125
2017-05-11,173.73907470703125,76.5,132.99363708496094
2017-05-12,172.48312377929688,76.30000305175781,133.29176330566406
2017-05-15,172.48312377929688,76.5,133.7148895263672
2017-05-16,171.22718811035156,76.5,134.27268981933594
2017-05-17,170.8085479736328,76.30000305175781,130.85870361328125
2017-05-18,170.38990783691406,75.9000015258789,132.0030517578125
2017-05-19,169.97128295898438,75.8499984741211,132.56085205078125
2017-05-22,171.64584350585938,76.05000305175781,133.67640686035156
2017-05-23,171.64584350585938,76.3499984741211,133.8110809326172
2017-05-24,172.0644989013672,76.30000305175781,134.42657470703125
2017-05-25,173.32041931152344,77.0,135.5709991455078
2017-05-26,173.32041931152344,76.94999694824219,135.8114013671875
2017-05-31,169.97128295898438,76.5,135.87872314453125
2017-06-01,173.32041931152344,76.9000015258789,136.40771484375
2017-06-02,174.9949951171875,77.19999694824219,137.9656524658203
2017-06-05,177.50692749023438,78.0,137.936767578125
2017-06-06,176.25096130371094,77.94999694824219,137.38861083984375
2017-06-07,177.08827209472656,77.94999694824219,137.92715454101562
2017-06-08,178.3441925048828,78.25,138.0714111328125
2017-06-09,177.50692749023438,78.0,134.618896484375
2017-06-12,173.73907470703125,77.1500015258789,133.89759826660156
2017-06-13,174.15774536132812,77.25,134.984375
2017-06-14,173.32041931152344,76.8499984741211,134.397705078125
2017-06-15,174.15774536132812,76.9000015258789,133.80148315429688
2017-06-16,177.08827209472656,77.69999694824219,133.22091674804688
2017-06-19,178.3441925048828,78.55000305175781,135.44851684570312
2017-06-20,181.2747344970703,79.44999694824219,134.3877716064453
2017-06-21,180.43748474121094,79.55000305175781,135.71853637695312
2017-06-22,182.5307159423828,79.75,135.67994689941406
2017-06-23,181.69342041015625,79.69999694824219,136.20065307617188
2017-06-26,186.01942443847656,81.4000015258789,135.56422424316406
2017-06-27,182.9912109375,81.30000305175781,133.10520935058594
2017-06-28,180.39559936523438,80.55000305175781,135.0242156982422
2017-06-29,181.6934051513672,80.6500015258789,132.680908203125
2017-06-30,180.39559936523438,80.4000015258789,132.72911071777344
2017-07-03,180.8281707763672,80.44999694824219,131.3308563232422
2017-07-05,180.39559936523438,80.75,132.623046875
2017-07-06,179.5303955078125,80.4000015258789,131.4273223876953
2017-07-07,178.23257446289062,79.94999694824219,132.84481811523438
2017-07-10,178.23257446289062,80.3499984741211,133.7127227783203
2017-07-11,183.423828125,81.55000305175781,134.0888214111328
2017-07-12,182.1259765625,81.55000305175781,135.67994689941406
2017-07-13,185.58682250976562,82.19999694824219,135.97885131835938
2017-07-14,184.28900146484375,82.05000305175781,137.04928588867188
2017-07-17,184.28900146484375,82.19999694824219,137.11679077148438
2017-07-18,185.1542205810547,82.4000015258789,138.03289794921875
2017-07-19,185.58682250976562,82.69999694824219,138.84292602539062
2017-07-20,186.45205688476562,82.6500015258789,139.026123046875
2017-07-21,185.1542205810547,82.0999984741211,138.96829223632812
2017-07-24,185.58682250976562,82.30000305175781,139.60475158691406
2017-07-25,185.1542205810547,82.44999694824219,139.24794006347656
2017-07-26,184.28900146484375,82.1500015258789,139.70115661621094
2017-07-27,186.45205688476562,83.0,138.82363891601562
2017-07-28,184.28900146484375,82.0999984741211,138.70794677734375
2017-07-31,185.58682250976562,81.3499984741211,138.11968994140625
2017-08-01,183.423828125,81.80000305175781,138.4379119873047
2017-08-02,186.88462829589844,82.5,138.81399536132812
2017-08-03,184.72164916992188,82.19999694824219,138.2740020751953
2017-08-04,184.28900146484375,82.3499984741211,138.52467346191406
2017-08-07,186.88462829589844,82.94999694824219,139.4022216796875
2017-08-08,188.1824493408203,82.9000015258789,139.16114807128906
2017-08-09,185.58682250976562,82.1500015258789,138.9779052734375
2017-08-10,185.1542205810547,81.5999984741211,135.99815368652344
2017-08-11,183.8563995361328,81.25,137.02999877929688
2017-08-14,182.55860900878906,80.75,138.7947235107422
2017-08-15,185.1542205810547,81.30000305175781,138.89112854003906
2017-08-16,184.28900146484375,81.0,139.13221740722656
2017-08-17,185.1542205810547,81.6500015258789,136.2874755859375
2017-08-18,183.8563995361328,81.1500015258789,136.19105529785156
2017-08-21,182.9912109375,81.05000305175781,136.01747131347656
2017-08-22,185.58682250976562,81.8499984741211,138.09078979492188
2017-08-23,186.45205688476562,81.75,137.5989227294922
2017-08-24,187.74984741210938,82.55000305175781,137.1939697265625
2017-08-25,188.1824493408203,82.69999694824219,136.90463256835938
2017-08-28,186.88462829589844,82.55000305175781,137.3289337158203
2017-08-29,186.88462829589844,82.30000305175781,137.8689422607422
2017-08-30,188.1824493408203,82.69999694824219,139.48899841308594
2017-08-31,187.3172607421875,82.94999694824219,140.9836883544922
2017-09-01,187.3172607421875,83.0,140.79086303710938
2017-09-05,188.6150665283203,82.94999694824219,139.52760314941406
2017-09-06,187.74984741210938,82.5999984741211,139.951904296875
2017-09-07,187.74984741210938,82.25,140.27976989746094
2017-09-08,188.6150665283203,82.69999694824219,139.0647430419922
2017-09-11,187.74984741210938,82.55000305175781,140.66552734375
2017-09-12,189.48023986816406,82.8499984741211,141.0030059814453
2017-09-13,188.6150665283203,82.30000305175781,141.19586181640625
2017-09-14,189.04763793945312,82.3499984741211,140.3665313720703
2017-09-15,189.04763793945312,82.3499984741211,140.84869384765625
2017-09-18,189.91287231445312,83.1500015258789,140.66416931152344
2017-09-19,191.6432647705078,82.75,140.90576171875
2017-09-20,191.6432647705078,82.19999694824219,140.47080993652344
2017-09-21,191.210693359375,82.69999694824219,139.61073303222656
2017-09-22,189.04763793945312,81.5999984741211,139.47540283203125
2017-09-25,187.74984741210938,80.94999694824219,138.00637817382812
2017-09-26,185.1542205810547,80.30000305175781,138.364013671875
2017-09-27,186.01942443847656,80.69999694824219,139.61073303222656
2017-09-28,185.1542205810547,80.4000015258789,139.56239318847656
2017-09-29,187.3172607421875,80.6500015258789,140.56747436523438
2017-10-02,190.77806091308594,81.5,140.69309997558594
2017-10-03,192.5084686279297,81.5,140.99269104003906
2017-10-05,194.2388916015625,81.8499984741211,142.510009765625
2017-10-06,194.2388916015625,82.0999984741211,142.70330810546875
2017-10-11,201.59317016601562,83.4000015258789,143.07052612304688
2017-10-12,205.486572265625,84.19999694824219,142.80958557128906
2017-10-13,205.486572265625,84.05000305175781,143.3604278564453
2017-10-16,205.91917419433594,84.5,143.8533477783203
2017-10-17,203.7561798095703,84.30000305175781,144.03697204589844
2017-10-18,205.486572265625,84.5999984741211,143.8629913330078
2017-10-19,206.78436279296875,84.9000015258789,143.33145141601562
2017-10-20,205.486572265625,84.55000305175781,143.71807861328125
2017-10-23,206.78436279296875,84.5,142.78062438964844
2017-10-24,205.91917419433594,84.4000015258789,143.02220153808594
2017-10-25,205.91917419433594,84.3499984741211,142.4810333251953
2017-10-26,204.18878173828125,84.25,142.02679443359375
2017-10-27,206.78436279296875,84.30000305175781,146.1631317138672
2017-10-30,210.2451934814453,84.94999694824219,146.4917449951172
2017-10-31,210.2451934814453,85.19999694824219,147.04257202148438
2017-11-01,209.8126220703125,85.0999984741211,146.9942626953125
2017-11-02,208.5148162841797,84.80000305175781,146.7139892578125
2017-11-03,206.78436279296875,84.69999694824219,148.12496948242188
2017-11-06,207.2169952392578,84.8499984741211,148.6275177001953
2017-11-07,211.11041259765625,85.30000305175781,148.7145233154297
2017-11-08,209.8126220703125,84.94999694824219,149.3136749267578
2017-11-09,208.5148162841797,84.4000015258789,148.53086853027344
2017-11-10,208.0821990966797,84.55000305175781,148.52122497558594
2017-11-13,207.2169952392578,84.30000305175781,148.704833984375
2017-11-14,207.6495819091797,84.1500015258789,148.1636199951172
2017-11-15,205.486572265625,83.30000305175781,147.4677734375
2017-11-16,205.91917419433594,83.5999984741211,149.35231018066406
2017-11-17,208.94737243652344,84.3499984741211,148.7821502685547
2017-11-20,206.35179138183594,84.0,148.6661834716797
2017-11-21,210.2451934814453,84.75,150.28012084960938
2017-11-22,209.3800048828125,85.1500015258789,150.46372985839844
2017-11-24,211.11041259765625,85.1500015258789,151.01461791992188
2017-11-27,205.05398559570312,84.1500015258789,150.94696044921875
2017-11-28,202.45835876464844,83.5999984741211,151.3335418701172
2017-11-29,202.89096069335938,83.69999694824219,148.69517517089844
2017-11-30,195.5366973876953,82.25,149.9418487548828
2017-12-01,199.8627471923828,82.5999984741211,149.30404663085938
2017-12-04,202.45835876464844,82.9000015258789,147.58377075195312
2017-12-05,198.56494140625,82.25,147.6804656982422
2017-12-06,196.40191650390625,80.8499984741211,148.3472442626953
2017-12-07,195.96929931640625,80.9000015258789,148.8498077392578
2017-12-08,196.40191650390625,80.9000015258789,149.50701904296875
2017-12-11,196.83450317382812,81.5,150.66668701171875
2017-12-12,196.83450317382812,80.94999694824219,150.46372985839844
2017-12-13,196.40191650390625,81.0,150.753662109375
2017-12-14,199.4301300048828,81.75,150.6473846435547
2017-12-15,198.9975128173828,81.0999984741211,152.35794067382812
2017-12-18,196.40191650390625,81.19999694824219,153.63534545898438
2017-12-19,194.67152404785156,80.80000305175781,152.72499084472656
2017-12-20,194.2388916015625,81.05000305175781,152.560302734375
2017-12-21,194.67152404785156,81.0,152.57969665527344
2017-12-22,196.83450317382812,81.30000305175781,152.4053497314453
2017-12-26,195.5366973876953,80.6500015258789,151.5821990966797
2017-12-27,194.67152404785156,80.9000015258789,151.60162353515625
2017-12-28,195.5366973876953,81.69999694824219,151.7855987548828
2017-12-29,198.56494140625,82.1500015258789,150.84616088867188
2018-01-02,201.1605224609375,82.5999984741211,153.4900665283203
2018-01-03,205.05398559570312,83.3499984741211,154.98150634765625
2018-01-04,207.2169952392578,83.5,155.252685546875
2018-01-05,207.6495819091797,83.75,156.81187438964844
2018-01-08,209.3800048828125,84.0999984741211,157.42196655273438
2018-01-09,209.3800048828125,84.1500015258789,157.43165588378906
2018-01-10,204.62135314941406,83.75,157.0636444091797
2018-01-11,203.3235626220703,83.4000015258789,158.13861083984375
2018-01-12,205.05398559570312,84.0999984741211,159.30076599121094
2018-01-16,208.0821990966797,85.0,158.84559631347656
2018-01-17,209.3800048828125,85.1500015258789,160.5597686767578
2018-01-18,215.00384521484375,86.30000305175781,160.5888214111328
2018-01-19,221.060302734375,87.1500015258789,161.09239196777344
2018-01-22,226.25157165527344,87.94999694824219,162.81625366210938
2018-01-23,230.14495849609375,88.30000305175781,164.16241455078125
2018-01-24,223.2233428955078,87.19999694824219,163.09716796875
2018-01-25,223.2233428955078,87.44999694824219,163.0390167236328
2018-01-26,220.62767028808594,87.5,165.53762817382812
2018-01-29,223.6559295654297,85.55000305175781,164.7338104248047
2018-01-30,218.89727783203125,84.55000305175781,163.3779754638672
2018-01-31,220.62767028808594,84.6500015258789,164.05589294433594
2018-02-01,224.52114868164062,85.25,162.6613311767578
2018-02-02,224.52114868164062,84.9000015258789,159.41702270507812
2018-02-05,218.89727783203125,83.5999984741211,153.13172912597656
2018-02-06,206.78436279296875,79.6500015258789,157.18954467773438
2018-02-07,207.6495819091797,80.6500015258789,155.15577697753906
2018-02-08,206.35179138183594,80.5999984741211,148.6090545654297
2018-02-09,201.1605224609375,79.05000305175781,151.1754608154297
2018-02-12,204.62135314941406,79.69999694824219,153.8580780029297
2018-02-21,209.8126220703125,81.5,159.62039184570312
2018-02-22,207.2169952392578,81.0,159.6010284423828
2018-02-23,211.9756317138672,82.0,162.8646697998047
2018-02-26,213.27345275878906,82.4000015258789,165.02430725097656
2018-02-27,212.84083557128906,82.3499984741211,162.98089599609375
2018-03-01,210.2451934814453,81.75,159.29112243652344
2018-03-02,207.6495819091797,81.1500015258789,160.7534637451172
2018-03-05,208.94737243652344,80.75,162.53541564941406
2018-03-06,216.30165100097656,82.1500015258789,163.22303771972656
2018-03-07,213.7060546875,81.80000305175781,163.60072326660156
2018-03-08,215.86904907226562,82.75,164.5013885498047
2018-03-09,216.7342529296875,82.8499984741211,167.69723510742188
2018-03-12,219.76248168945312,84.1500015258789,168.5882110595703
2018-03-13,224.08853149414062,84.94999694824219,166.2930145263672
2018-03-14,222.3581085205078,84.30000305175781,166.26393127441406
2018-03-15,220.62767028808594,84.25,166.11866760253906
2018-03-16,220.62767028808594,83.9000015258789,165.62481689453125
2018-03-19,220.62767028808594,83.8499984741211,162.0909881591797
2018-03-20,218.89727783203125,83.80000305175781,162.6244659423828
2018-03-21,218.4646759033203,83.8499984741211,161.91636657714844
2018-03-22,217.59947204589844,83.55000305175781,157.91989135742188
2018-03-23,211.9756317138672,82.0999984741211,153.7584686279297
2018-03-26,210.67779541015625,82.19999694824219,159.47189331054688
2018-03-27,217.16688537597656,83.4000015258789,154.31137084960938
2018-03-28,211.9756317138672,82.25,152.53622436523438
2018-03-29,211.11041259765625,82.0999984741211,155.3299102783203
2018-04-02,213.27345275878906,82.25,150.84840393066406
2018-04-03,211.11041259765625,81.5,152.5459442138672
2018-04-09,211.9756317138672,82.19999694824219,153.00184631347656
2018-04-10,212.40821838378906,82.5,156.37754821777344
2018-04-11,214.57122802734375,82.8499984741211,155.4754180908203
2018-04-12,211.9756317138672,82.5,157.3475341796875
2018-04-13,211.5430450439453,82.5,156.53274536132812
2018-04-16,210.67779541015625,82.30000305175781,157.7258758544922
2018-04-17,205.91917419433594,81.4000015258789,161.12098693847656
2018-04-18,205.91917419433594,81.5999984741211,161.45079040527344
2018-04-19,211.5430450439453,82.6500015258789,159.96661376953125
2018-04-20,198.13232421875,80.75,157.4348907470703
2018-04-23,195.96929931640625,79.94999694824219,157.03712463378906
2018-04-24,196.40191650390625,79.55000305175781,153.7100067138672
2018-04-25,194.67152404785156,79.30000305175781,153.89425659179688
2018-04-26,192.0758819580078,79.05000305175781,157.13418579101562
2018-04-27,193.37368774414062,79.19999694824219,157.23114013671875
2018-04-30,196.40191650390625,80.0,156.1156463623047
2018-05-02,192.9410858154297,79.4000015258789,156.96923828125
2018-05-03,190.77806091308594,78.55000305175781,156.9498748779297
2018-05-04,192.9410858154297,78.94999694824219,159.92779541015625
2018-05-07,193.37368774414062,79.5,161.2567596435547
2018-05-08,197.26712036132812,80.0,161.09185791015625
2018-05-09,198.56494140625,80.44999694824219,162.8475799560547
2018-05-10,198.56494140625,80.6500015258789,164.53541564941406
2018-05-11,201.59317016601562,81.5999984741211,164.38023376464844
2018-05-14,201.59317016601562,82.5,164.6615753173828
2018-05-15,199.4301300048828,81.6500015258789,162.837890625
2018-05-16,199.4301300048828,81.75,163.9145965576172
2018-05-17,195.96929931640625,81.19999694824219,163.28408813476562
2018-05-18,193.37368774414062,80.94999694824219,162.44020080566406
2018-05-21,198.13232421875,82.05000305175781,163.3520050048828
2018-05-22,198.13232421875,81.75,163.1386260986328
2018-05-23,197.69969177246094,81.3499984741211,164.5160675048828
2018-05-24,198.13232421875,81.55000305175781,164.46754455566406
2018-05-25,197.69969177246094,81.8499984741211,164.6324462890625
2018-05-29,194.67152404785156,81.8499984741211,163.90489196777344
2018-05-30,191.210693359375,80.4000015258789,165.07864379882812
2018-05-31,193.80624389648438,80.75,164.97195434570312
2018-06-01,193.80624389648438,81.3499984741211,167.56195068359375
2018-06-04,198.13232421875,82.5999984741211,169.07516479492188
2018-06-05,198.13232421875,82.5,169.59893798828125
2018-06-06,198.9975128173828,83.30000305175781,170.58836364746094
2018-06-07,198.9975128173828,83.44999694824219,169.20126342773438
2018-06-08,196.40191650390625,82.55000305175781,169.21096801757812
2018-06-11,195.5366973876953,82.6500015258789,169.66688537597656
2018-06-12,198.13232421875,82.5,170.55931091308594
2018-06-13,200.72793579101562,83.0,170.54957580566406
2018-06-14,195.96929931640625,81.75,172.27621459960938
2018-06-15,199.8627471923828,81.94999694824219,171.67481994628906
2018-06-19,194.67152404785156,80.5999984741211,171.08958435058594
2018-06-20,195.5366973876953,81.5,172.3047332763672
2018-06-21,195.96929931640625,81.25,170.80770874023438
2018-06-22,196.83450317382812,81.1500015258789,170.42860412597656
2018-06-25,195.48944091796875,80.9000015258789,166.58877563476562
2018-06-26,192.35081481933594,80.69999694824219,167.26927185058594
2018-06-27,191.00567626953125,80.4000015258789,164.9945526123047
2018-06-28,190.10897827148438,80.05000305175781,166.41378784179688
2018-06-29,194.14431762695312,81.44999694824219,166.86094665527344
2018-07-02,191.90243530273438,81.05000305175781,167.9788818359375
2018-07-03,192.35081481933594,81.1500015258789,166.03468322753906
2018-07-05,192.35081481933594,80.75,168.0955352783203
2018-07-06,194.5926513671875,80.94999694824219,170.71047973632812
2018-07-09,198.62799072265625,82.25,172.2464141845703
2018-07-10,199.0763702392578,82.44999694824219,172.37277221679688
2018-07-11,197.2828826904297,81.69999694824219,171.49789428710938
2018-07-12,197.7312469482422,82.6500015258789,174.4530792236328
2018-07-13,201.31820678710938,83.3499984741211,174.598876953125
2018-07-16,200.4214630126953,83.0,174.18092346191406
2018-07-17,198.62799072265625,82.55000305175781,175.24049377441406
2018-07-18,199.97311401367188,83.05000305175781,174.9099578857422
2018-07-19,201.31820678710938,83.30000305175781,174.03504943847656
2018-07-20,212.97586059570312,84.6500015258789,173.9961700439453
2018-07-23,216.11444091796875,84.55000305175781,174.55029296875
2018-07-24,216.11444091796875,84.69999694824219,175.26959228515625
2018-07-25,215.6660614013672,84.75,177.71932983398438
2018-07-26,216.11444091796875,85.0,175.02659606933594
2018-07-27,219.25303649902344,85.69999694824219,172.6643829345703
2018-07-30,220.14974975585938,85.55000305175781,170.2244415283203
2018-07-31,220.59812927246094,85.55000305175781,171.52706909179688
2018-08-01,222.39158630371094,86.1500015258789,172.17835998535156
2018-08-02,219.25303649902344,84.8499984741211,174.52108764648438
2018-08-03,221.49488830566406,85.55000305175781,175.05577087402344
2018-08-06,220.14974975585938,85.69999694824219,176.08621215820312
2018-08-07,216.5627899169922,85.5,176.72779846191406
2018-08-08,221.9432373046875,86.1500015258789,176.94166564941406
2018-08-09,221.49488830566406,86.1500015258789,176.83474731445312
2018-08-10,219.70140075683594,85.69999694824219,175.48348999023438
2018-08-13,215.6660614013672,83.94999694824219,175.2891082763672
2018-08-14,218.3562774658203,84.55000305175781,176.3875274658203
2018-08-15,216.5627899169922,83.75,174.22947692871094
2018-08-16,214.32093811035156,83.80000305175781,174.80307006835938
2018-08-17,214.7693328857422,83.6500015258789,174.8419189453125
2018-08-20,214.7693328857422,83.94999694824219,174.6863555908203
2018-08-21,216.11444091796875,84.55000305175781,175.3279571533203
2018-08-22,217.0111846923828,84.6500015258789,176.00839233398438
2018-08-23,219.25303649902344,85.05000305175781,175.75570678710938
2018-08-24,218.3562774658203,84.80000305175781,177.38880920410156
2018-08-27,219.70140075683594,85.55000305175781,179.19691467285156
2018-08-28,223.73670959472656,86.25,179.4593963623047
2018-08-29,232.25576782226562,87.25,181.5299835205078
2018-08-30,236.29112243652344,87.55000305175781,181.2091827392578
2018-08-31,229.56553649902344,86.94999694824219,181.44241333007812
2018-09-04,230.91062927246094,87.0,180.664794921875
2018-09-05,236.7394561767578,87.0,178.33175659179688
2018-09-06,234.0492401123047,86.5,176.73748779296875
2018-09-07,236.7394561767578,86.4000015258789,176.05702209472656
2018-09-10,237.18783569335938,86.0,176.65000915527344
2018-09-11,233.1525115966797,85.6500015258789,178.01095581054688
2018-09-12,233.60086059570312,85.55000305175781,177.4860076904297
2018-09-13,228.6687774658203,84.94999694824219,179.381591796875
2018-09-14,234.0492401123047,86.5,178.856689453125
2018-09-17,231.3590545654297,85.8499984741211,176.2805938720703
2018-09-18,228.22044372558594,85.4000015258789,177.73876953125
2018-09-19,231.3590545654297,86.1500015258789,177.60267639160156
2018-09-20,233.1525115966797,85.9000015258789,179.56634521484375
2018-09-21,234.49761962890625,86.8499984741211,178.58450317382812
2018-09-25,236.29112243652344,87.0999984741211,179.32461547851562
2018-09-26,236.29112243652344,86.9000015258789,179.4512481689453
2018-09-27,237.6361846923828,87.3499984741211,180.9704132080078
2018-09-28,235.3943634033203,86.9000015258789,180.93148803710938
2018-10-01,235.84274291992188,87.3499984741211,181.3015594482422
2018-10-02,230.91062927246094,86.05000305175781,180.8925018310547
2018-10-03,233.1525115966797,85.94999694824219,181.08729553222656
2018-10-04,227.7720489501953,84.9000015258789,177.6106414794922
2018-10-05,224.18508911132812,83.44999694824219,175.43898010253906
2018-10-08,218.3562774658203,83.0,174.36773681640625
2018-10-09,218.8046417236328,83.25,174.93258666992188
2018-10-11,204.0084228515625,77.4000015258789,165.16488647460938
2018-10-12,212.52748107910156,80.05000305175781,169.7614288330078
2018-10-15,206.69866943359375,79.19999694824219,167.7066192626953
2018-10-16,212.52748107910156,79.30000305175781,172.58558654785156
2018-10-17,213.87257385253906,79.4000015258789,172.65377807617188
2018-10-18,212.07908630371094,79.1500015258789,168.6512451171875
2018-10-19,211.6307373046875,79.30000305175781,168.4954071044922
2018-10-22,212.52748107910156,79.19999694824219,169.36215209960938
2018-10-23,206.25027465820312,77.75,168.73887634277344
2018-10-24,205.80194091796875,77.4000015258789,161.01625061035156
2018-10-25,196.8345184326172,75.5,166.58668518066406
2018-10-26,198.1796417236328,75.4000015258789,162.30172729492188
2018-10-29,199.5247344970703,75.75,158.96144104003906
2018-10-30,199.97311401367188,75.94999694824219,161.5811004638672
2018-10-31,209.83724975585938,77.55000305175781,165.37911987304688
2018-11-01,211.18238830566406,78.4000015258789,167.56053161621094
2018-11-02,212.07908630371094,78.6500015258789,164.9506072998047
2018-11-05,210.73399353027344,78.25,164.54159545898438
2018-11-06,210.28561401367188,78.0,165.7881317138672
2018-11-07,209.83724975585938,78.4000015258789,170.9884490966797
2018-11-08,212.07908630371094,78.8499984741211,169.8977813720703
2018-11-09,207.1470489501953,77.80000305175781,167.03465270996094
2018-11-12,207.59542846679688,78.0,161.9803466796875
2018-11-13,204.0084228515625,77.0999984741211,162.11669921875
2018-11-14,204.9051513671875,77.3499984741211,160.87989807128906
2018-11-15,207.1470489501953,77.5999984741211,163.69432067871094
2018-11-16,202.66331481933594,76.94999694824219,163.11976623535156
2018-11-19,199.0763702392578,76.69999694824219,157.82203674316406
2018-11-20,195.48944091796875,76.0,154.99789428710938
2018-11-21,196.38613891601562,76.0,156.1762237548828
2018-11-23,195.93777465820312,75.3499984741211,155.04653930664062
2018-11-26,199.97311401367188,76.1500015258789,158.6302947998047
2018-11-27,200.86984252929688,76.05000305175781,159.1659393310547
2018-11-28,203.11170959472656,76.9000015258789,164.28839111328125
2018-11-29,205.3535614013672,77.05000305175781,163.75274658203125
2018-11-30,202.21495056152344,76.75,164.9408416748047
2018-12-03,210.73399353027344,78.80000305175781,167.82345581054688
2018-12-04,209.83724975585938,78.25,161.38629150390625
2018-12-06,197.2828826904297,75.0999984741211,162.52574157714844
2018-12-07,198.1796417236328,75.44999694824219,157.15985107421875
2018-12-10,196.38613891601562,74.44999694824219,158.8056640625
2018-12-11,199.5247344970703,75.05000305175781,159.33151245117188
2018-12-12,203.11170959472656,76.19999694824219,160.73382568359375
2018-12-13,202.66331481933594,76.30000305175781,160.7825469970703
2018-12-14,199.5247344970703,75.3499984741211,156.86767578125
2018-12-17,200.4214630126953,75.94999694824219,153.3130645751953
2018-12-18,199.5247344970703,75.30000305175781,154.27720642089844
2018-12-19,202.21495056152344,75.9000015258789,150.48890686035156
2018-12-20,198.1796417236328,75.05000305175781,148.3074951171875
2018-12-21,200.4214630126953,75.19999694824219,143.71095275878906
2018-12-24,197.2828826904297,74.69999694824219,140.14723205566406
2018-12-26,194.14431762695312,73.55000305175781,148.8978729248047
2018-12-27,199.97311401367188,75.05000305175781,149.4740447998047
2018-12-28,202.21495056152344,75.5,149.3959503173828
2019-01-02,196.8345184326172,74.05000305175781,151.26132202148438
2019-01-03,193.24755859375,73.3499984741211,146.31954956054688
2019-01-04,186.52200317382812,72.19999694824219,152.5797576904297
2019-01-07,191.00567626953125,73.94999694824219,154.3963165283203
2019-01-08,189.2122039794922,73.6500015258789,155.7928924560547
2019-01-09,193.24755859375,75.0,157.06251525878906
2019-01-10,193.6959228515625,74.80000305175781,157.5117645263672
2019-01-11,197.7312469482422,75.5,156.9355926513672
2019-01-14,195.93777465820312,75.0,155.5487518310547
2019-01-15,198.1796417236328,75.6500015258789,158.58609008789062
2019-01-16,195.04103088378906,75.55000305175781,158.55677795410156
2019-01-17,197.7312469482422,75.55000305175781,159.806884765625
2019-01-18,195.93777465820312,75.94999694824219,161.38902282714844
2019-01-22,199.97311401367188,74.05000305175781,158.1563720703125
2019-01-23,197.7312469482422,73.69999694824219,158.36143493652344
2019-01-24,199.5247344970703,74.05000305175781,159.3869171142578
2019-01-25,202.66331481933594,75.0,161.2913818359375
2019-01-28,205.3535614013672,75.1500015258789,159.29905700683594
2019-01-29,199.5247344970703,74.5,157.79502868652344
2019-01-30,198.1796417236328,74.3499984741211,161.80897521972656
2019-02-11,204.4568328857422,75.1500015258789,164.46542358398438
2019-02-12,206.25027465820312,75.6500015258789,166.89724731445312
2019-02-13,205.3535614013672,75.5,167.01443481445312
2019-02-14,203.56007385253906,75.25,167.2195587158203
2019-02-15,203.56007385253906,75.05000305175781,167.92274475097656
2019-02-19,205.3535614013672,75.5,168.2547607421875
2019-02-20,210.28561401367188,76.3499984741211,168.2254638671875
2019-02-21,212.07908630371094,77.0999984741211,167.61019897460938
2019-02-22,212.07908630371094,76.94999694824219,168.85052490234375
2019-02-25,213.42420959472656,77.5,169.46583557128906
2019-02-26,214.7693328857422,77.69999694824219,169.6415557861328
2019-02-27,214.32093811035156,77.6500015258789,169.5341796875
2019-03-04,211.18238830566406,76.94999694824219,170.34475708007812
2019-03-05,208.9405517578125,76.75,170.47177124023438
2019-03-06,209.83724975585938,76.94999694824219,169.50486755371094
2019-03-07,209.83724975585938,76.6500015258789,167.42457580566406
2019-03-08,206.25027465820312,76.0,167.1707305908203
2019-03-11,206.69866943359375,76.1500015258789,170.64752197265625
2019-03-12,211.18238830566406,77.25,171.58509826660156
2019-03-13,212.52748107910156,77.0999984741211,172.87425231933594
2019-03-14,210.28561401367188,77.05000305175781,172.58126831054688
2019-03-15,214.32093811035156,77.5999984741211,174.1829376220703
2019-03-18,216.11444091796875,78.0999984741211,174.5978240966797
2019-03-19,215.6660614013672,78.4000015258789,175.18482971191406
2019-03-20,217.0111846923828,78.5,175.87953186035156
2019-03-21,220.14974975585938,79.1500015258789,178.62887573242188
2019-03-22,222.83999633789062,79.3499984741211,174.70541381835938
2019-03-25,216.5627899169922,78.1500015258789,174.37277221679688
2019-03-26,218.8046417236328,78.6500015258789,175.18482971191406
2019-03-27,216.5627899169922,78.5,174.05967712402344
2019-03-28,217.0111846923828,78.5,174.46080017089844
2019-03-29,220.14974975585938,79.1500015258789,175.78167724609375
2019-04-01,220.14974975585938,79.8499984741211,178.1103057861328
2019-04-02,220.59812927246094,80.1500015258789,178.78538513183594
2019-04-03,221.0465087890625,80.1500015258789,179.81272888183594
2019-04-08,226.87533569335938,80.9000015258789,181.13360595703125
2019-04-09,227.7720489501953,81.4000015258789,180.4976043701172
2019-04-10,227.7720489501953,81.5,181.46624755859375
2019-04-11,225.9785614013672,81.1500015258789,181.03575134277344
2019-04-12,225.9785614013672,81.0999984741211,181.81846618652344
2019-04-15,229.11717224121094,81.8499984741211,181.84783935546875
2019-04-16,230.46229553222656,82.0999984741211,182.47401428222656
2019-04-17,234.49761962890625,82.75,183.10997009277344
2019-04-18,237.18783569335938,82.69999694824219,183.3448028564453
2019-04-22,238.53292846679688,82.69999694824219,183.86338806152344
2019-04-23,240.326416015625,83.05000305175781,186.20176696777344
2019-04-24,241.22314453125,83.19999694824219,185.6147003173828
2019-04-25,239.87803649902344,83.4000015258789,186.3681182861328
2019-04-26,233.1525115966797,82.44999694824219,186.53440856933594
2019-04-29,232.7041473388672,82.80000305175781,186.89645385742188
2019-04-30,232.25576782226562,82.80000305175781,185.4484100341797
2019-05-02,232.25576782226562,83.0,184.0492706298828
2019-05-03,237.6361846923828,83.75,186.9844970703125
2019-05-06,232.25576782226562,82.30000305175781,185.83978271484375
2019-05-07,235.3943634033203,83.1500015258789,182.21966552734375
2019-05-08,233.1525115966797,82.55000305175781,181.759765625
2019-05-09,230.01390075683594,81.55000305175781,180.78134155273438
2019-05-10,229.56553649902344,81.5,181.0064239501953
2019-05-13,224.63345336914062,80.1500015258789,174.7250213623047
2019-05-14,222.83999633789062,79.6500015258789,176.64266967773438
2019-05-15,223.2883758544922,79.75,179.13763427734375
2019-05-16,221.49488830566406,79.05000305175781,180.93789672851562
2019-05-17,216.5627899169922,78.25,179.08868408203125
2019-05-20,213.42420959472656,78.19999694824219,176.0653839111328
2019-05-21,209.83724975585938,78.4000015258789,177.90484619140625
2019-05-22,213.42420959472656,78.4000015258789,177.11228942871094
2019-05-23,206.25027465820312,76.94999694824219,174.40213012695312
2019-05-24,208.9405517578125,77.3499984741211,174.3140869140625
2019-05-28,206.69866943359375,77.0999984741211,173.6585235595703
2019-05-29,205.80194091796875,76.75,172.23004150390625
2019-05-30,207.1470489501953,77.4000015258789,172.95404052734375
2019-05-31,211.18238830566406,78.44999694824219,170.1949462890625
2019-06-03,213.42420959472656,78.55000305175781,166.4476318359375
2019-06-04,208.9405517578125,78.05000305175781,171.13421630859375
2019-06-05,210.73399353027344,78.30000305175781,172.40614318847656
2019-06-06,208.04376220703125,77.69999694824219,173.77590942382812
2019-06-10,215.21766662597656,79.05000305175781,179.1963348388672
2019-06-11,219.25303649902344,79.4000015258789,179.44093322753906
2019-06-12,220.59812927246094,79.69999694824219,178.40380859375
2019-06-13,215.21766662597656,79.05000305175781,179.4604949951172
2019-06-14,211.6307373046875,78.9000015258789,178.6973419189453
2019-06-17,208.9405517578125,78.69999694824219,179.77359008789062
2019-06-18,211.18238830566406,78.9000015258789,182.385986328125
2019-06-19,218.8046417236328,80.75,183.07086181640625
2019-06-20,219.70140075683594,80.8499984741211,184.77328491210938
2019-06-21,222.83999633789062,80.8499984741211,184.49937438964844
2019-06-24,223.3032989501953,81.19999694824219,184.50521850585938
2019-06-25,220.98684692382812,80.75,181.3379669189453
2019-06-26,217.28057861328125,80.3499984741211,182.1812286376953
2019-06-27,222.83999633789062,81.5,182.87745666503906
2019-06-28,221.45010375976562,80.9000015258789,183.11280822753906
2019-07-01,230.25254821777344,82.6500015258789,185.5838623046875
2019-07-02,230.71585083007812,82.44999694824219,186.31927490234375
2019-07-03,224.69314575195312,81.5,187.72152709960938
2019-07-05,225.1564178466797,81.9000015258789,187.33909606933594
2019-07-08,224.69314575195312,81.5999984741211,186.02513122558594
2019-07-09,224.22984313964844,81.5,186.9566650390625
2019-07-10,228.86270141601562,82.19999694824219,188.8197021484375
2019-07-11,231.64242553710938,82.8499984741211,188.68251037597656
2019-07-12,232.10568237304688,82.75,189.77088928222656
2019-07-15,235.81199645996094,83.19999694824219,190.37887573242188
2019-07-16,237.20181274414062,83.3499984741211,189.39830017089844
2019-07-17,233.49551391601562,82.80000305175781,188.4667510986328
2019-07-18,235.34866333007812,82.69999694824219,188.68251037597656
2019-07-19,239.9815216064453,83.0,187.29986572265625
2019-07-22,244.61441040039062,83.4000015258789,188.79034423828125
2019-07-23,244.61441040039062,83.5999984741211,190.02584838867188
2019-07-24,245.5409393310547,83.55000305175781,191.35948181152344
2019-07-25,245.5409393310547,83.80000305175781,189.54541015625
2019-07-26,241.83465576171875,83.25,191.49671936035156
2019-07-29,241.83465576171875,83.44999694824219,190.83973693847656
2019-07-30,240.90809631347656,83.19999694824219,190.01605224609375
2019-07-31,240.44480895996094,82.80000305175781,187.38812255859375
2019-08-01,237.6651153564453,82.30000305175781,186.45654296875
2019-08-02,233.03225708007812,80.94999694824219,183.71095275878906
2019-08-05,228.39939880371094,80.1500015258789,177.21949768066406
2019-08-06,230.25254821777344,80.0999984741211,179.7003936767578
2019-08-07,229.7892608642578,79.69999694824219,180.67117309570312
2019-08-08,234.88540649414062,80.6500015258789,184.60328674316406
2019-08-12,232.5689697265625,80.5999984741211,180.7692413330078
2019-08-13,228.39939880371094,79.69999694824219,184.73074340820312
2019-08-14,231.17910766601562,80.30000305175781,179.21009826660156
2019-08-15,229.7892608642578,79.4000015258789,179.0041961669922
2019-08-16,231.64242553710938,80.3499984741211,181.87725830078125
2019-08-19,233.49551391601562,80.80000305175781,184.76998901367188
2019-08-20,235.81199645996094,81.0,183.3383331298828
2019-08-21,235.81199645996094,81.0999984741211,184.96609497070312
2019-08-22,235.34866333007812,80.9000015258789,184.367919921875
2019-08-23,235.34866333007812,81.0,178.5335235595703
2019-08-26,230.25254821777344,79.6500015258789,181.2301025390625
2019-08-27,231.64242553710938,79.8499984741211,180.84767150878906
2019-08-28,233.49551391601562,80.4000015258789,181.49484252929688
2019-08-29,235.34866333007812,80.55000305175781,184.26988220214844
2019-08-30,239.9815216064453,81.8499984741211,183.82862854003906
2019-09-03,235.34866333007812,81.19999694824219,182.04396057128906
2019-09-04,238.59169006347656,82.1500015258789,184.6719207763672
2019-09-05,243.68785095214844,83.0,188.05490112304688
2019-09-06,244.15113830566406,83.5,187.86859130859375
2019-09-10,242.29798889160156,83.4000015258789,186.93707275390625
2019-09-11,243.68785095214844,83.44999694824219,188.69229125976562
2019-09-12,243.22451782226562,83.9000015258789,189.4767303466797
2019-09-16,246.00421142578125,84.4000015258789,187.95681762695312
2019-09-17,245.5409393310547,84.25,188.85899353027344
2019-09-18,247.3940887451172,84.94999694824219,188.78053283691406
2019-09-19,247.39407348632812,84.44999694824219,189.09429931640625
2019-09-20,246.46055603027344,84.69999694824219,187.09393310546875
2019-09-23,246.46055603027344,84.5,187.1764678955078
2019-09-24,247.39407348632812,84.6500015258789,184.69061279296875
2019-09-25,248.32763671875,84.0999984741211,186.7637939453125
2019-09-26,250.19479370117188,84.30000305175781,186.07601928710938
2019-09-27,253.9290313720703,84.5999984741211,183.76702880859375
2019-10-01,261.3975524902344,85.94999694824219,184.00282287597656
2019-10-02,260.9307556152344,85.6500015258789,180.83900451660156
2019-10-03,258.13006591796875,84.80000305175781,182.82376098632812
2019-10-04,258.13006591796875,85.1500015258789,185.51596069335938
2019-10-07,259.5304260253906,85.44999694824219,184.95590209960938
2019-10-08,267.4656982421875,86.5,182.1851043701172
2019-10-09,263.2646179199219,85.80000305175781,183.96351623535156
2019-10-14,270.7331237792969,87.55000305175781,187.7561798095703
2019-10-15,274.00067138671875,87.69999694824219,190.14378356933594
2019-10-16,276.8013610839844,88.0999984741211,189.67214965820312
2019-10-17,274.00067138671875,88.1500015258789,190.1732635498047
2019-10-18,273.5338134765625,87.94999694824219,188.34567260742188
2019-10-21,270.7331237792969,87.8499984741211,190.01605224609375
2019-10-22,274.4674072265625,88.69999694824219,188.50291442871094
2019-10-23,273.5338134765625,88.44999694824219,188.86647033691406
2019-10-24,273.5338134765625,88.80000305175781,190.7038116455078
2019-10-25,274.00067138671875,88.80000305175781,192.22679138183594
2019-10-28,274.93414306640625,89.19999694824219,194.1231231689453
2019-10-29,278.66845703125,89.44999694824219,192.6197967529297
2019-10-30,279.6019592285156,89.8499984741211,193.55325317382812
2019-10-31,278.66845703125,90.0999984741211,193.6416778564453
2019-11-01,279.13519287109375,90.0999984741211,195.4004364013672
2019-11-04,286.603759765625,92.19999694824219,196.60899353027344
2019-11-05,289.8711853027344,92.9000015258789,196.71707153320312
2019-11-06,290.3379211425781,93.3499984741211,196.27488708496094
2019-11-07,288.4708251953125,92.8499984741211,196.9332275390625
2019-11-08,285.203369140625,92.55000305175781,197.71925354003906
2019-11-11,281.00238037109375,91.1500015258789,197.45399475097656
2019-11-12,284.736572265625,92.0,198.02386474609375
2019-11-13,283.802978515625,91.44999694824219,198.07298278808594
2019-11-14,283.336181640625,91.4000015258789,197.91578674316406
2019-11-15,286.603759765625,92.30000305175781,199.3699493408203
2019-11-18,290.3379211425781,92.9000015258789,199.5271759033203
2019-11-19,294.07220458984375,93.5999984741211,199.82191467285156
2019-11-20,292.6718444824219,93.25,198.62319946289062
2019-11-21,290.3379211425781,92.5,198.18109130859375
2019-11-22,288.4708251953125,92.55000305175781,198.30882263183594
2019-11-25,286.603759765625,92.5999984741211,200.6571044921875
2019-11-26,286.603759765625,92.8499984741211,201.040283203125
2019-11-27,290.3379211425781,93.19999694824219,202.44537353515625
2019-11-29,284.736572265625,91.5,201.52174377441406
2019-12-02,287.07049560546875,92.05000305175781,199.45838928222656
2019-12-03,286.603759765625,92.05000305175781,197.89613342285156
2019-12-04,285.670166015625,91.69999694824219,198.8983154296875
2019-12-05,291.2715148925781,92.9000015258789,199.29132080078125
2019-12-06,292.205078125,93.05000305175781,201.42347717285156
2019-12-09,295.0057373046875,93.6500015258789,200.5097198486328
2019-12-10,292.6718444824219,93.0,200.34268188476562
2019-12-11,297.8064880371094,93.75,201.40383911132812
2019-12-12,309.47601318359375,95.8499984741211,202.90713500976562
2019-12-13,316.4776916503906,96.9000015258789,203.57530212402344
2019-12-16,313.677001953125,96.8499984741211,205.61900329589844
2019-12-17,322.0791015625,98.1500015258789,205.73692321777344
2019-12-18,321.6123352050781,98.19999694824219,205.8941192626953
2019-12-19,315.0296325683594,97.6500015258789,207.18124389648438
2019-12-20,309.38726806640625,96.94999694824219,208.0164337158203
2019-12-23,314.0892028808594,97.1500015258789,208.56588745117188
2019-12-24,312.2084045410156,97.19999694824219,208.67420959472656
2019-12-26,313.14886474609375,97.3499984741211,210.51556396484375
2019-12-27,317.8507385253906,98.0,210.3383331298828
2019-12-30,314.5593566894531,97.80000305175781,208.9597930908203
2019-12-31,311.2680358886719,96.94999694824219,209.35365295410156
2020-01-02,318.7911376953125,97.6500015258789,212.84927368164062
2020-01-03,319.2613525390625,97.6500015258789,210.89959716796875
2020-01-06,312.2084045410156,96.4000015258789,212.25843811035156
2020-01-07,309.8574523925781,96.0999984741211,212.2289276123047
2020-01-08,309.8574523925781,95.6500015258789,213.8240966796875
2020-01-09,317.380615234375,96.94999694824219,215.63592529296875
2020-01-10,319.2613525390625,97.30000305175781,215.08447265625
2020-01-13,321.1421203613281,98.0,217.56590270996094
2020-01-14,325.3739013671875,98.5999984741211,216.70924377441406
2020-01-15,319.73150634765625,97.5999984741211,216.79782104492188
2020-01-16,314.5593566894531,97.30000305175781,218.87550354003906
2020-01-17,313.14886474609375,97.30000305175781,219.9586944580078
2020-01-30,297.6324462890625,92.1500015258789,219.19064331054688
2020-01-31,300.9237976074219,89.94999694824219,215.71469116210938
2020-02-03,296.2218322753906,89.05000305175781,218.9739990234375
2020-02-04,305.6256408691406,90.5999984741211,223.9860382080078
2020-02-05,307.97674560546875,90.8499984741211,224.7245635986328
2020-02-06,312.67864990234375,92.30000305175781,226.6643829345703
2020-02-07,308.4468994140625,91.19999694824219,225.68951416015625
2020-02-10,307.97674560546875,91.0,228.4171142578125
2020-02-11,311.7382507324219,91.75,228.45651245117188
2020-02-12,315.0296325683594,92.6500015258789,230.68190002441406
2020-02-13,315.0296325683594,92.80000305175781,230.386474609375
2020-02-14,315.0296325683594,92.94999694824219,231.0462188720703
2020-02-18,302.8045349121094,91.05000305175781,231.1348419189453
2020-02-19,307.0362548828125,92.0999984741211,233.35037231445312
2020-02-20,306.0959167480469,91.69999694824219,231.18408203125
2020-02-21,305.6256408691406,91.25,226.74314880371094
2020-02-24,300.9237976074219,90.0999984741211,217.99917602539062
2020-02-25,302.8045349121094,90.3499984741211,212.07138061523438
2020-02-26,299.5132141113281,89.44999694824219,213.16436767578125
2020-02-27,297.1622009277344,88.6500015258789,202.49038696289062
2020-03-02,292.46026611328125,87.3499984741211,213.10531616210938
2020-03-03,298.5727844238281,88.5999984741211,206.27159118652344
2020-03-04,301.3939514160156,89.19999694824219,214.87771606445312
2020-03-05,303.7449645996094,90.19999694824219,208.34927368164062
2020-03-06,296.2218322753906,88.3499984741211,204.8339385986328
2020-03-09,287.2881774902344,85.8499984741211,190.60525512695312
2020-03-10,288.69879150390625,86.30000305175781,200.9838104248047
2020-03-11,283.9968566894531,85.30000305175781,192.22998046875
2020-03-12,276.4737548828125,82.1500015258789,174.60414123535156
2020-03-13,272.712158203125,81.0,189.39410400390625
2020-03-16,260.0169677734375,77.30000305175781,166.70700073242188
2020-03-17,252.02369689941406,74.8499984741211,179.350341796875
2020-03-18,244.50057983398438,72.80000305175781,173.8951873779297
2020-03-19,235.4801483154297,68.55000305175781,174.93893432617188
2020-03-20,256.3695373535156,74.0,168.0855255126953
2020-03-23,242.1267547607422,70.80000305175781,168.20692443847656
2020-03-24,253.99574279785156,74.25,181.23243713378906
2020-03-25,263.0161437988281,76.8499984741211,179.8904266357422
2020-03-26,265.86474609375,77.19999694824219,189.36349487304688
2020-03-27,259.2180480957031,76.5999984741211,182.8507537841797
2020-03-30,253.99574279785156,75.8499984741211,189.5016632080078
2020-03-31,260.1676025390625,76.1500015258789,187.8833465576172
2020-04-01,257.79376220703125,75.9000015258789,179.90028381347656
2020-04-06,261.5918884277344,77.05000305175781,193.88294982910156
2020-04-07,268.7132568359375,78.5,193.8040313720703
2020-04-08,270.6122741699219,79.5999984741211,197.9189453125
2020-04-09,268.7132568359375,79.25,198.20510864257812
2020-04-13,264.4404296875,78.80000305175781,200.3463897705078
2020-04-14,270.6122741699219,80.94999694824219,209.0597381591797
2020-04-15,272.9860534667969,81.19999694824219,206.6618194580078
2020-04-16,272.03656005859375,80.80000305175781,210.43130493164062
2020-04-17,291.02691650390625,83.25,212.44435119628906
2020-04-20,288.653076171875,83.0,209.92807006835938
2020-04-21,280.1074523925781,80.5999984741211,202.18182373046875
2020-04-22,279.1579895019531,80.5999984741211,208.18145751953125
2020-04-23,280.5821838378906,80.9000015258789,207.7374267578125
2020-04-24,279.1579895019531,80.9000015258789,211.0135040283203
2020-04-27,282.9560546875,82.55000305175781,212.7107696533203
2020-04-28,281.5317687988281,82.55000305175781,208.70445251464844
2020-04-29,283.90545654296875,83.69999694824219,216.10531616210938
2020-04-30,289.1278991699219,85.5,216.01651000976562
2020-05-04,280.1074523925781,83.0,212.3752899169922
2020-05-05,280.5821838378906,83.4000015258789,214.7830352783203
2020-05-06,281.05694580078125,83.5,216.10531616210938
2020-05-07,282.4812927246094,83.8499984741211,218.88804626464844
2020-05-08,282.4812927246094,84.3499984741211,221.88784790039062
2020-05-11,285.8045654296875,85.05000305175781,223.8712921142578
2020-05-12,280.1074523925781,84.05000305175781,219.18408203125
2020-05-13,282.0065002441406,84.30000305175781,216.44082641601562
2020-05-14,278.2084045410156,83.30000305175781,218.8979034423828
2020-05-15,282.9560546875,83.8499984741211,220.31887817382812
2020-05-18,275.3598327636719,83.1500015258789,224.4239044189453
2020-05-19,276.7841491699219,83.9000015258789,223.86141967773438
2020-05-20,279.1579895019531,83.80000305175781,228.33155822753906
2020-05-21,282.4812927246094,84.5,225.8448486328125
2020-05-22,277.2589111328125,82.94999694824219,226.62442016601562
2020-05-26,280.5821838378906,84.44999694824219,226.01260375976562
2020-05-27,281.5317687988281,84.3499984741211,227.24609375
2020-05-28,279.1579895019531,83.8499984741211,226.95004272460938
2020-05-29,277.2589111328125,84.44999694824219,230.2755126953125
2020-06-01,280.5821838378906,84.9000015258789,230.9662628173828
2020-06-02,281.5317687988281,85.30000305175781,232.5155029296875
2020-06-03,285.8045654296875,86.80000305175781,233.56150817871094
2020-06-04,290.5521545410156,87.5999984741211,231.92344665527344
2020-06-05,295.77447509765625,88.3499984741211,236.5218505859375
2020-06-08,301.9463806152344,89.5,238.35728454589844
2020-06-09,302.8958435058594,89.5999984741211,240.08413696289062
2020-06-10,306.2191162109375,90.44999694824219,242.9655303955078
2020-06-11,304.3200988769531,89.05000305175781,230.92678833007812
2020-06-12,300.0472717285156,88.25,232.76222229003906
2020-06-15,293.8754577636719,87.0,235.5942840576172
2020-06-16,299.0978088378906,88.9000015258789,239.64007568359375
2020-06-17,299.0978088378906,89.0,240.39990234375
2020-06-18,301.01202392578125,88.9000015258789,241.05117797851562
2020-06-19,301.01202392578125,88.8499984741211,241.01173400878906
2020-06-22,298.6192321777344,89.05000305175781,243.90208435058594
2020-06-23,301.4906005859375,89.44999694824219,245.97789001464844
2020-06-24,303.8833312988281,90.0,240.90692138671875
2020-06-29,298.6192321777344,89.0999984741211,240.0469207763672
2020-06-30,299.5762939453125,89.9000015258789,244.75221252441406
2020-07-01,303.8833312988281,90.5,247.6089324951172
2020-07-02,308.1903381347656,91.5,249.28939819335938
2020-07-06,323.5041809082031,94.1500015258789,255.41810607910156
2020-07-07,323.982666015625,94.5,253.65853881835938
2020-07-08,326.37554931640625,95.1500015258789,256.9996643066406
2020-07-09,330.2039794921875,95.44999694824219,259.1645202636719
2020-07-10,333.5538635253906,94.6500015258789,260.9338684082031
2020-07-13,339.29656982421875,96.05000305175781,255.56640625
2020-07-14,347.9105529785156,96.6500015258789,257.3752746582031
2020-07-15,347.4320373535156,97.05000305175781,257.899169921875
2020-07-16,342.1678771972656,96.0999984741211,256.1396789550781
2020-07-17,351.2604675292969,97.19999694824219,256.4362487792969
2020-07-20,350.3033142089844,97.05000305175781,263.7115783691406
2020-07-21,366.5742492675781,98.69999694824219,260.9635925292969
2020-07-22,367.5314025878906,98.94999694824219,261.8828125
2020-07-23,365.1385498046875,98.8499984741211,255.04246520996094
2020-07-24,369.4455871582031,98.5,252.62062072753906
2020-07-27,406.29449462890625,103.30000305175781,257.128173828125
2020-07-28,416.3441162109375,103.5999984741211,253.85626220703125
2020-07-29,403.90167236328125,102.55000305175781,256.7821960449219
2020-07-30,415.38702392578125,104.05000305175781,258.1265869140625
2020-07-31,407.2515869140625,103.80000305175781,262.73297119140625
2020-08-03,398.15899658203125,102.0,266.2817077636719
2020-08-04,407.2515869140625,103.30000305175781,267.2701721191406
2020-08-05,410.6014404296875,104.30000305175781,267.9324645996094
2020-08-06,416.3441162109375,105.4000015258789,271.481201171875
2020-08-07,414.429931640625,104.6500015258789,268.34765625
2020-08-10,416.8226623535156,105.5999984741211,267.2009582519531
2020-08-11,410.6014404296875,104.80000305175781,262.1398620605469
2020-08-12,401.03033447265625,103.25,268.7331237792969
2020-08-13,410.6014404296875,104.25,269.34600830078125
2020-08-14,408.687255859375,104.5,269.0296630859375
2020-08-17,416.3441162109375,105.5999984741211,272.15338134765625
2020-08-18,414.429931640625,105.0,274.7728576660156
2020-08-19,409.165771484375,104.25,272.9244384765625
2020-08-20,397.201904296875,100.5999984741211,276.7103576660156
2020-08-21,406.29449462890625,102.80000305175781,278.6280212402344
2020-08-24,409.6443786621094,103.0999984741211,280.3677673339844
2020-08-25,415.86553955078125,103.9000015258789,282.5721130371094
2020-08-26,423.0439758300781,104.30000305175781,288.6019287109375
2020-08-27,424.9581298828125,104.55000305175781,287.702392578125
2020-08-28,416.3441162109375,103.5,289.1654052734375
2020-08-31,408.20867919921875,101.80000305175781,291.4884033203125
2020-09-01,416.3441162109375,103.3499984741211,296.47039794921875
2020-09-02,414.429931640625,103.0,299.27777099609375
2020-09-03,417.3013000488281,103.30000305175781,284.10430908203125
2020-09-04,410.6014404296875,102.55000305175781,280.3183288574219
2020-09-08,412.5157165527344,103.0,266.8451232910156
2020-09-09,408.687255859375,102.30000305175781,274.68389892578125
2020-09-10,416.3441162109375,103.19999694824219,269.2076721191406
2020-09-11,417.7798156738281,103.25,267.3393859863281
2020-09-14,422.0867614746094,104.55000305175781,271.99517822265625
2020-09-15,425.915283203125,104.94999694824219,275.8503112792969
2020-09-16,438.3577575683594,106.55000305175781,271.4515075683594
2020-09-17,431.62115478515625,105.4000015258789,267.21087646484375
2020-09-18,427.29052734375,105.30000305175781,263.800537109375
2020-09-21,423.4410705566406,104.44999694824219,264.4331970214844
2020-09-22,420.553955078125,103.0999984741211,269.34600830078125
2020-09-23,417.1856689453125,102.94999694824219,261.1217346191406
2020-09-24,407.0808410644531,100.44999694824219,262.3375244140625
2020-09-25,408.0432434082031,100.6500015258789,268.4365539550781
2020-09-28,415.260986328125,102.30000305175781,274.0117492675781
2020-09-29,414.77978515625,102.55000305175781,272.7761535644531
2020-09-30,416.70452880859375,103.0,274.6443786621094
2020-10-05,416.2233581542969,103.05000305175781,276.9376525878906
2020-10-06,422.9598693847656,104.25,271.99517822265625
2020-10-07,426.32818603515625,104.80000305175781,276.7004699707031
2020-10-08,435.9518127441406,106.19999694824219,278.17333984375
2020-10-12,442.6883544921875,107.05000305175781,291.14239501953125
2020-10-13,444.6131286621094,107.0999984741211,291.13250732421875
2020-10-14,441.72607421875,106.69999694824219,288.7008056640625
2020-10-15,435.9518127441406,105.69999694824219,286.76336669921875
2020-10-16,432.10235595703125,105.25,285.191650390625
2020-10-19,440.282470703125,106.5999984741211,280.5357971191406
2020-10-20,434.027099609375,106.0,281.1388244628906
2020-10-21,435.9518127441406,105.94999694824219,280.9213562011719
2020-10-22,437.8765563964844,106.0999984741211,280.91143798828125
2020-10-23,434.9894714355469,106.0999984741211,281.4649658203125
2020-10-26,433.06475830078125,106.0999984741211,277.2441101074219
2020-10-27,430.1776123046875,105.5,279.4089660644531
2020-10-28,427.29052734375,105.0,268.5156555175781
2020-10-29,420.553955078125,103.8499984741211,273.2110900878906
2020-10-30,415.74212646484375,103.0,266.2817077636719
2020-11-02,419.11041259765625,103.4000015258789,266.87481689453125
2020-11-03,424.4034118652344,104.5999984741211,271.49102783203125
2020-11-04,433.06475830078125,106.1500015258789,283.6100158691406
2020-11-05,434.027099609375,106.05000305175781,291.0039978027344
2020-11-06,435.47064208984375,106.69999694824219,291.2214660644531
2020-11-09,441.2448425292969,108.0999984741211,285.27069091796875
2020-11-10,434.027099609375,107.0999984741211,280.1601867675781
2020-11-11,439.80126953125,108.75,286.4272766113281
2020-11-12,440.7637023925781,108.80000305175781,285.0829162597656
2020-11-13,444.6131286621094,109.25,287.5837707519531
2020-11-16,465.78515625,112.80000305175781,289.82769775390625
2020-11-17,467.2287292480469,113.5999984741211,288.9084167480469
2020-11-18,478.29595947265625,114.3499984741211,286.77325439453125
2020-11-19,471.55938720703125,114.1500015258789,289.0171813964844
2020-11-20,469.6346740722656,114.0,287.0401306152344
2020-11-23,477.81475830078125,115.44999694824219,287.0500183105469
2020-11-24,473.48406982421875,114.9000015258789,291.0831298828125
2020-11-25,468.6722412109375,113.94999694824219,292.8722229003906
2020-11-27,470.5970153808594,114.6500015258789,295.57086181640625
2020-11-30,462.4169006347656,113.30000305175781,296.17388916015625
2020-12-01,471.55938720703125,114.30000305175781,299.9696960449219
2020-12-02,480.2206115722656,115.4000015258789,300.355224609375
2020-12-03,478.29595947265625,115.4000015258789,300.78021240234375
2020-12-04,484.07012939453125,117.30000305175781,302.0059509277344
2020-12-07,494.65618896484375,118.4000015258789,303.7160949707031
2020-12-08,504.2798767089844,120.05000305175781,304.744140625
2020-12-09,500.43035888671875,120.05000305175781,297.84442138671875
2020-12-10,492.7314147949219,118.5999984741211,299.04052734375
2020-12-11,496.5809020996094,118.75,298.378173828125
2020-12-14,488.8819580078125,118.25,300.5429992675781
2020-12-15,485.0325012207031,117.05000305175781,303.7557067871094
2020-12-16,492.7314147949219,119.25,305.42620849609375
2020-12-17,491.28082275390625,118.5999984741211,307.4229431152344
2020-12-18,493.2149658203125,118.19999694824219,306.4937744140625
2020-12-21,499.01751708984375,119.3499984741211,305.92041015625
2020-12-22,492.2478942871094,118.0,306.7522277832031
2020-12-23,492.2478942871094,118.1500015258789,305.20745849609375
2020-12-24,493.2149658203125,118.80000305175781,306.5541687011719
2020-12-28,498.0503845214844,120.0,309.64385986328125
2020-12-29,498.0503845214844,119.9000015258789,309.921142578125
2020-12-30,507.7213134765625,121.5999984741211,309.93109130859375
2020-12-31,512.5567016601562,122.25,310.693603515625
2021-01-04,518.3592529296875,124.3499984741211,306.3065490722656
2021-01-05,524.161865234375,124.5999984741211,308.8318176269531
2021-01-06,530.931396484375,125.94999694824219,304.5538330078125
2021-01-07,546.40478515625,128.89999389648438,311.92156982421875
2021-01-08,560.9110717773438,131.1999969482422,315.9322204589844
2021-01-11,564.779541015625,132.3000030517578,311.36700439453125
2021-01-12,571.5491333007812,132.10000610351562,310.8718566894531
2021-01-13,585.0883178710938,135.3000030517578,312.9712219238281
2021-01-14,572.5161743164062,134.0500030517578,311.29766845703125
2021-01-15,581.2200317382812,134.5,308.8318176269531
2021-01-19,606.3643188476562,137.9499969482422,313.337646484375
2021-01-20,625.7060546875,138.1999969482422,320.6261901855469
2021-01-21,650.8502807617188,143.0,323.1910705566406
2021-01-22,627.6400756835938,137.4499969482422,322.26025390625
2021-01-25,612.1668090820312,135.60000610351562,324.924072265625
2021-01-26,596.6934814453125,132.85000610351562,325.3994140625
2021-01-27,594.75927734375,133.0500030517578,316.3283386230469
2021-01-28,581.2200317382812,130.35000610351562,318.20001220703125
2021-01-29,571.5491333007812,128.1999969482422,311.505615234375
2021-02-01,590.890869140625,130.75,319.289306640625
2021-02-02,611.1997680664062,134.4499969482422,324.49822998046875
2021-02-03,609.2656860351562,134.35000610351562,323.21087646484375
2021-02-04,606.3643188476562,133.5500030517578,327.03338623046875
2021-02-05,611.1997680664062,134.8000030517578,328.14251708984375
2021-02-17,641.179443359375,140.5500030517578,330.6875915527344
2021-02-18,638.2781982421875,140.35000610351562,329.2417297363281
2021-02-19,630.54150390625,138.85000610351562,327.8058166503906
2021-02-22,628.6073608398438,138.8000030517578,319.30914306640625
2021-02-23,619.903564453125,138.5,318.3584899902344
2021-02-24,604.4301147460938,136.4499969482422,320.98272705078125
2021-02-25,614.1009521484375,137.5500030517578,309.7924499511719
2021-02-26,586.055419921875,133.39999389648438,311.0896911621094
2021-03-02,588.9566650390625,133.4499969482422,315.30841064453125
2021-03-03,601.5287475585938,135.39999389648438,306.1580505371094
2021-03-04,581.2200317382812,132.75,301.14715576171875
2021-03-05,581.2200317382812,131.9499969482422,305.6827087402344
2021-03-08,578.3187255859375,131.85000610351562,297.0275573730469
2021-03-09,575.4174194335938,131.35000610351562,308.7427062988281
2021-03-10,577.3516235351562,131.89999389648438,307.8613586425781
2021-03-11,588.9566650390625,134.6999969482422,314.9518737792969
2021-03-12,593.7921142578125,135.25,312.3968811035156
2021-03-15,590.890869140625,134.89999389648438,315.734130859375
2021-03-16,592.8251342773438,135.35000610351562,317.4671325683594
2021-03-17,586.5132446289062,134.1999969482422,318.77435302734375
2021-03-18,584.5711669921875,134.89999389648438,309.0101013183594
2021-03-19,573.8895874023438,132.8000030517578,310.09942626953125
2021-03-22,575.8317260742188,133.39999389648438,315.914794921875
2021-03-23,576.8028564453125,133.60000610351562,314.53656005859375
2021-03-24,559.323974609375,131.5,309.2318420410156
2021-03-25,558.3528442382812,131.9499969482422,308.69635009765625
2021-03-26,572.918701171875,134.35000610351562,313.326904296875
2021-03-29,581.6580200195312,135.4499969482422,313.2376708984375
2021-03-30,579.7158813476562,135.89999389648438,311.6611022949219
2021-03-31,570.0054321289062,134.75,316.4303894042969
2021-04-01,584.5711669921875,135.75,321.82440185546875
2021-04-07,592.3395385742188,137.8000030517578,328.8147277832031
2021-04-08,595.2528076171875,138.25,332.2454528808594
2021-04-09,592.3395385742188,137.9499969482422,334.25830078125
2021-04-12,587.4842529296875,137.14999389648438,333.8220520019531
2021-04-13,587.4842529296875,137.14999389648438,337.71881103515625
2021-04-14,594.2816772460938,137.89999389648438,333.6633605957031
2021-04-15,601.0789184570312,139.0500030517578,338.7202453613281
2021-04-16,592.3395385742188,139.25,339.1168518066406
2021-04-19,585.542236328125,139.5,336.0133361816406
2021-04-20,584.5711669921875,139.25,333.5642395019531
2021-04-21,574.8606567382812,138.0,336.41986083984375
2021-04-22,573.8895874023438,137.89999389648438,332.3645324707031
2021-04-23,584.5711669921875,139.14999389648438,336.5487976074219
2021-04-26,592.3395385742188,141.1999969482422,338.7400817871094
2021-04-27,592.3395385742188,141.25,337.2726135253906
2021-04-28,584.5711669921875,140.39999389648438,336.13232421875
2021-04-29,582.6290283203125,140.60000610351562,337.3420104980469
2021-05-03,570.9764404296875,138.25,333.3460998535156
2021-05-04,573.8895874023438,137.0500030517578,327.3473205566406
2021-05-05,568.0633544921875,135.75,326.2466735839844
2021-05-06,570.0054321289062,136.9499969482422,328.7057189941406
2021-05-07,581.6580200195312,139.39999389648438,331.3729248046875
2021-05-10,571.9475708007812,138.4499969482422,323.0043640136719
2021-05-11,554.4686889648438,133.25,322.5581359863281
2021-05-12,543.787109375,129.39999389648438,314.2093505859375
2021-05-13,531.1635131835938,127.5,316.63861083984375
2021-05-14,540.8740234375,128.9499969482422,323.6289978027344
2021-05-17,533.1056518554688,126.5,321.6657409667969
2021-05-18,555.439697265625,132.3000030517578,319.4942932128906
2021-05-19,550.5845336914062,131.39999389648438,319.86114501953125
2021-05-20,550.5845336914062,130.5,326.0483093261719
2021-05-21,556.4107666015625,132.35000610351562,324.2437438964844
2021-05-24,551.5554809570312,132.14999389648438,329.697265625
2021-05-25,566.1212768554688,134.39999389648438,330.1533203125
2021-05-26,568.0633544921875,134.5,331.30352783203125
2021-05-27,565.150146484375,133.5500030517578,330.0641174316406
2021-05-28,572.918701171875,135.8000030517578,331.1051940917969
2021-06-01,580.6868896484375,137.6999969482422,330.0046081542969
2021-06-02,577.7737426757812,137.6999969482422,330.64910888671875
2021-06-03,578.744873046875,137.60000610351562,327.2084655761719
2021-06-04,577.7737426757812,136.9499969482422,332.7611083984375
2021-06-07,574.8606567382812,137.3000030517578,333.75262451171875
2021-06-08,571.9475708007812,136.5,333.9112854003906
2021-06-09,569.0343627929688,135.5,333.9905700683594
2021-06-10,581.6580200195312,137.60000610351562,337.4709167480469
2021-06-11,584.5711669921875,138.10000610351562,338.3533935546875
2021-06-15,591.3684692382812,138.85000610351562,339.3647766113281
2021-06-16,587.4842529296875,138.6999969482422,338.12530517578125
2021-06-17,590.8970947265625,138.3000030517578,342.418701171875
2021-06-18,587.9718627929688,138.0,339.73162841796875
2021-06-21,568.47021484375,134.6999969482422,341.8430480957031
2021-06-22,563.5949096679688,134.85000610351562,345.02960205078125
2021-06-23,580.1712036132812,137.0500030517578,345.1983642578125
2021-06-24,575.2958374023438,136.6999969482422,347.3326416015625
2021-06-25,576.2708740234375,136.9499969482422,346.9057922363281
2021-06-28,575.2958374023438,137.1999969482422,351.1247253417969
2021-06-29,580.1712036132812,137.60000610351562,352.3953552246094
2021-06-30,580.1712036132812,138.9499969482422,351.8394775390625
2021-07-01,578.2210693359375,138.3000030517578,351.9784240722656
2021-07-02,573.3456420898438,138.3000030517578,356.0186767578125
2021-07-06,577.2459106445312,139.75,357.557373046875
2021-07-07,579.1961059570312,139.0,358.311767578125
2021-07-08,573.3456420898438,138.85000610351562,356.1477355957031
2021-07-09,569.4453125,137.75,358.3713684082031
2021-07-12,578.2210693359375,139.0,359.77105712890625
2021-07-13,591.8721313476562,140.14999389648438,359.77105712890625
2021-07-14,597.7225952148438,140.5,360.41632080078125
2021-07-15,598.6976928710938,141.8000030517578,357.8849182128906
2021-07-16,574.32080078125,139.89999389648438,354.9862976074219
2021-07-19,567.4951782226562,138.3000030517578,352.0777282714844
2021-07-20,566.5201416015625,137.1999969482422,356.1675720214844
2021-07-21,570.4204711914062,136.6999969482422,358.9173278808594
2021-07-22,576.2708740234375,137.64999389648438,361.2898864746094
2021-07-23,570.4204711914062,137.64999389648438,365.5088195800781
2021-07-26,565.5451049804688,136.4499969482422,365.79669189453125
2021-07-27,565.5451049804688,136.39999389648438,361.7663269042969
2021-07-28,564.5700073242188,134.25,363.1560974121094
2021-07-29,568.47021484375,136.5,363.8013916015625
2021-07-30,565.5451049804688,136.0500030517578,361.90533447265625
2021-08-02,575.2958374023438,137.89999389648438,361.93511962890625
2021-08-03,579.1961059570312,138.4499969482422,364.12896728515625
2021-08-04,581.146240234375,139.25,364.65509033203125
2021-08-05,581.146240234375,139.0,366.9681091308594
2021-08-06,576.2708740234375,138.8000030517578,365.35986328125
2021-08-09,580.1712036132812,138.39999389648438,366.03497314453125
2021-08-10,576.2708740234375,137.64999389648438,364.15875244140625
2021-08-11,575.2958374023438,137.1999969482422,363.5333557128906
2021-08-12,571.3954467773438,136.9499969482422,364.8437194824219
2021-08-13,566.5201416015625,135.64999389648438,366.124267578125
2021-08-16,569.4453125,135.35000610351562,366.28314208984375
2021-08-17,569.4453125,134.35000610351562,363.0568542480469
2021-08-18,559.6946411132812,134.89999389648438,359.5625915527344
2021-08-19,545.0684204101562,131.8000030517578,361.2997741699219
2021-08-20,538.2428588867188,130.75,365.042236328125
2021-08-23,551.8939819335938,134.35000610351562,370.5020751953125
2021-08-24,557.744384765625,134.75,371.6336975097656
2021-08-25,570.4204711914062,136.0500030517578,372.0605163574219
2021-08-26,579.1961059570312,137.0,369.6979675292969
2021-08-27,584.071533203125,138.14999389648438,373.2915344238281
2021-08-30,589.9219360351562,139.5,377.480712890625
2021-08-31,598.6976928710938,140.35000610351562,377.1729431152344
2021-09-01,597.7225952148438,141.0,377.7983093261719
2021-09-02,591.8721313476562,139.89999389648438,377.6196594238281
2021-09-03,604.5481567382812,141.89999389648438,378.78106689453125
2021-09-07,607.473388671875,141.89999389648438,379.317138671875
2021-09-08,603.5730590820312,140.64999389648438,377.9968566894531
2021-09-09,603.5730590820312,140.3000030517578,376.6964416503906
2021-09-10,606.4983520507812,141.9499969482422,373.8374938964844
2021-09-13,599.6726684570312,141.4499969482422,373.579345703125
2021-09-14,597.7225952148438,141.60000610351562,372.5172424316406
2021-09-15,591.8721313476562,140.75,375.28680419921875
2021-09-16,587.709228515625,140.10000610351562,375.5448913574219
2021-09-17,587.709228515625,140.5,371.0976257324219
2021-09-22,573.9959716796875,137.1999969482422,367.2755432128906
2021-09-23,575.9549560546875,138.0,370.6643981933594
2021-09-24,585.750244140625,139.64999389648438,371.0121765136719
2021-09-27,589.6682739257812,140.0,368.05072021484375
2021-09-28,581.8320922851562,139.0,357.6357727050781
2021-09-29,568.118896484375,136.0,357.0494079589844
2021-09-30,568.118896484375,137.0500030517578,355.73760986328125
2021-10-01,562.2418212890625,133.9499969482422,357.9438171386719
2021-10-04,560.28271484375,133.14999389648438,350.4307861328125
2021-10-05,560.28271484375,132.9499969482422,355.1612548828125
2021-10-06,559.30322265625,133.0,357.4370422363281
2021-10-07,568.118896484375,135.35000610351562,360.71649169921875
2021-10-08,563.2213134765625,134.1999969482422,358.9177551269531
2021-10-12,563.2213134765625,132.85000610351562,354.9227600097656
2021-10-13,559.30322265625,132.39999389648438,357.76495361328125
2021-10-14,561.2622680664062,132.75,364.35382080078125
2021-10-15,587.709228515625,136.25,366.6494445800781
2021-10-18,577.9140625,135.85000610351562,370.33642578125
2021-10-19,587.709228515625,136.9499969482422,373.138916015625
2021-10-20,585.750244140625,136.60000610351562,372.6519775390625
2021-10-21,583.7911376953125,136.10000610351562,374.9277038574219
2021-10-22,587.709228515625,136.5,371.77740478515625
2021-10-25,580.8526000976562,136.39999389648438,375.5836486816406
2021-10-26,586.7296752929688,137.5500030517578,376.7662658691406
2021-10-27,586.7296752929688,137.5500030517578,377.6407470703125
2021-10-28,582.8116455078125,137.14999389648438,381.8345947265625
2021-10-29,577.9140625,135.8000030517578,383.7127990722656
2021-11-01,577.9140625,136.5,385.0246276855469
2021-11-02,579.8731079101562,136.25,386.63458251953125
2021-11-03,579.8731079101562,136.60000610351562,390.73895263671875
2021-11-04,574.9755249023438,136.14999389648438,395.7476806640625
2021-11-05,587.709228515625,138.10000610351562,396.1253356933594
2021-11-08,589.6682739257812,139.1999969482422,395.588623046875
2021-11-09,598.48388671875,140.6999969482422,392.8656921386719
2021-11-10,599.46337890625,140.5,387.0917663574219
2021-11-11,593.5863037109375,139.25,388.1650390625
2021-11-12,591.6272583007812,139.6999969482422,392.2495422363281
2021-11-15,595.5453491210938,140.9499969482422,392.1600341796875
2021-11-16,597.5043334960938,141.1999969482422,394.95263671875
2021-11-17,597.5043334960938,141.64999389648438,395.16131591796875
2021-11-18,600.4429321289062,142.4499969482422,399.2557678222656
2021-11-19,605.3404541015625,142.8000030517578,401.4818420410156
2021-11-22,602.4019165039062,142.4499969482422,396.8209533691406
2021-11-23,599.46337890625,141.10000610351562,395.0122985839844
2021-11-24,590.6477661132812,140.5,396.2843017578125
2021-11-26,583.7911376953125,138.14999389648438,388.7712707519531
2021-11-29,580.8526000976562,138.14999389648438,397.20855712890625
2021-11-30,583.7911376953125,138.0,391.375
2021-12-01,587.709228515625,140.3000030517578,384.7165832519531
2021-12-02,602.4019165039062,141.8000030517578,387.4892272949219
2021-12-03,595.5453491210938,141.75,380.7513427734375
2021-12-06,587.709228515625,141.35000610351562,383.80230712890625
2021-12-07,594.5657958984375,141.8000030517578,395.360107421875
2021-12-08,589.6682739257812,142.35000610351562,397.1290283203125
2021-12-09,595.5453491210938,142.0,391.2855529785156
2021-12-10,592.6067504882812,141.9499969482422,395.5389709472656
2021-12-13,588.6887817382812,141.5,389.8246765136719
2021-12-14,586.7296752929688,140.10000610351562,385.7898864746094
2021-12-15,587.709228515625,140.3000030517578,394.5849304199219
2021-12-16,595.33544921875,142.0500030517578,384.4383239746094
2021-12-17,597.303466796875,141.89999389648438,382.52032470703125
2021-12-20,588.447265625,140.64999389648438,378.8096923828125
2021-12-21,587.4631958007812,141.85000610351562,387.2876281738281
2021-12-22,590.415283203125,141.85000610351562,392.0042419433594
2021-12-23,596.3193969726562,142.64999389648438,394.9595642089844
2021-12-27,596.3193969726562,144.14999389648438,401.48712158203125
2021-12-28,605.1757202148438,145.3000030517578,399.6263732910156
2021-12-29,606.15966796875,145.9499969482422,399.5666809082031
2021-12-30,605.1757202148438,145.5,398.37261962890625
2022-01-03,620.9200439453125,146.39999389648438,399.696044921875
2022-01-04,645.5206909179688,149.60000610351562,394.51177978515625
2022-01-05,639.6166381835938,149.3000030517578,382.3919372558594
2022-01-06,633.71240234375,147.89999389648438,382.1232604980469
2022-01-07,623.8721923828125,146.60000610351562,377.9837951660156
2022-01-10,632.7283935546875,147.5500030517578,378.2325744628906
2022-01-11,640.6005859375,148.3000030517578,383.9143981933594
2022-01-12,649.4568481445312,149.5500030517578,385.43682861328125
2022-01-13,650.4407958984375,150.3000030517578,375.794677734375
2022-01-14,661.26513671875,150.3000030517578,378.133056640625
2022-01-18,651.4249267578125,150.3000030517578,368.71978759765625
2022-01-19,643.5526733398438,148.5,364.6698913574219
2022-01-20,640.6005859375,149.10000610351562,359.93341064453125
2022-01-21,630.7603149414062,142.64999389648438,349.95294189453125
2022-01-24,642.568603515625,144.0,351.5549621582031
2022-01-25,630.7603149414062,141.64999389648438,343.4054260253906
2022-01-26,625.8402099609375,141.5500030517578,342.8681335449219
2022-02-07,624.856201171875,142.3000030517578,353.3759460449219
2022-02-08,617.968017578125,142.89999389648438,357.34625244140625
2022-02-09,622.8881225585938,143.39999389648438,364.918701171875
2022-02-10,638.6325073242188,145.0500030517578,356.6596374511719
2022-02-11,639.6166381835938,144.9499969482422,345.3458251953125
2022-02-14,626.82421875,142.6999969482422,345.7736511230469
2022-02-15,622.8881225585938,142.0500030517578,354.3710021972656
2022-02-16,635.6804809570312,144.39999389648438,354.281494140625
2022-02-17,634.6964111328125,144.5,343.7438049316406
2022-02-18,626.82421875,144.10000610351562,339.8232116699219
2022-02-22,616.9840087890625,141.85000610351562,336.41015625
2022-02-23,615.0159301757812,142.25,327.7929382324219
2022-02-24,594.3513793945312,138.8000030517578,338.8082580566406
2022-02-25,594.3513793945312,138.5,344.0621643066406
2022-03-01,594.3513793945312,140.4499969482422,339.80328369140625
2022-03-02,591.3992919921875,139.64999389648438,345.5050048828125
2022-03-03,592.38330078125,139.9499969482422,340.56951904296875
2022-03-04,585.4951782226562,138.4499969482422,335.6340026855469
2022-03-07,566.7987060546875,134.0,323.2554626464844
2022-03-08,554.00634765625,131.14999389648438,321.7529296875
2022-03-09,558.926513671875,132.5,333.3354187011719
2022-03-10,577.6229858398438,136.35000610351562,329.6337890625
2022-03-11,565.814697265625,134.39999389648438,322.7977294921875
2022-03-14,562.8626098632812,134.39999389648438,316.5985107421875
2022-03-15,549.0862426757812,131.64999389648438,326.5292053222656
2022-03-16,551.8057250976562,132.1999969482422,338.63909912109375
2022-03-17,575.5392456054688,136.39999389648438,342.7387390136719
2022-03-18,574.5503540039062,136.10000610351562,349.7539367675781
2022-03-21,579.4948120117188,137.0,348.7815246582031
2022-03-22,576.5281372070312,136.8000030517578,355.63604736328125
2022-03-23,583.450439453125,138.10000610351562,350.5250549316406
2022-03-24,584.4393310546875,138.0,358.3160705566406
2022-03-25,591.3616333007812,138.1999969482422,358.0171813964844
2022-03-28,577.5170288085938,136.6999969482422,363.5565490722656
2022-03-29,582.4615478515625,136.85000610351562,369.8132629394531
2022-03-30,593.3394165039062,138.5500030517578,365.72845458984375
2022-03-31,590.3727416992188,138.10000610351562,361.1953430175781
2022-04-01,582.4615478515625,136.9499969482422,360.5079345703125
2022-04-06,571.5836181640625,136.25,351.9497985839844
2022-04-07,559.7169189453125,133.8000030517578,352.7866516113281
2022-04-08,560.705810546875,134.5500030517578,347.8550109863281
2022-04-11,551.8057250976562,132.4499969482422,339.62567138671875
2022-04-12,550.8168334960938,132.5500030517578,338.1910095214844
2022-04-13,566.63916015625,135.0500030517578,345.0653991699219
2022-04-14,566.63916015625,134.5500030517578,337.1747741699219
2022-04-18,554.7723999023438,131.5500030517578,337.433837890625
2022-04-19,558.72802734375,132.0,344.9757385253906
2022-04-20,563.6724243164062,132.64999389648438,339.9444580078125
2022-04-21,558.72802734375,132.75,332.91064453125
2022-04-22,551.8057250976562,131.60000610351562,324.1930847167969
2022-04-25,540.9277954101562,129.25,328.3575744628906
2022-04-26,539.9389038085938,129.25,315.9637451171875
2022-04-27,520.160888671875,126.55000305175781,315.58514404296875
2022-04-28,525.1054077148438,127.0999984741211,326.7934265136719
2022-04-29,532.0277099609375,128.75,312.0881652832031
2022-05-03,525.1054077148438,127.80000305175781,317.63751220703125
2022-05-04,528.0720825195312,127.80000305175781,328.3775329589844
2022-05-05,535.9833374023438,129.25,311.839111328125
2022-05-06,522.1387329101562,126.6500015258789,308.1029968261719
2022-05-09,514.2275390625,124.55000305175781,296.0478820800781
2022-05-10,512.2496948242188,124.0,299.6445007324219
2022-05-11,515.2164306640625,124.19999694824219,290.757568359375
2022-05-12,499.3940124511719,121.25,290.07012939453125
2022-05-13,505.3274230957031,122.3499984741211,300.82012939453125
2022-05-16,514.2275390625,123.0,297.3330993652344
2022-05-17,524.1165161132812,124.3499984741211,305.034423828125
2022-05-18,532.0277099609375,125.69999694824219,290.0601806640625
2022-05-19,516.205322265625,123.30000305175781,288.5059509277344
2022-05-20,524.1165161132812,124.6500015258789,287.60931396484375
2022-05-23,522.1387329101562,124.9000015258789,292.3915100097656
2022-05-24,514.2275390625,123.5,286.17462158203125
2022-05-25,518.18310546875,124.44999694824219,290.1797180175781
2022-05-26,508.29412841796875,122.9000015258789,298.21978759765625
2022-05-27,524.1165161132812,125.5,307.9535827636719
2022-05-31,553.7835083007812,129.8000030517578,307.1365966796875
2022-06-01,542.9055786132812,129.14999389648438,304.86505126953125
2022-06-02,534.0054931640625,127.80000305175781,313.2139892578125
2022-06-06,534.0054931640625,128.6999969482422,306.0805358886719
2022-06-07,529.06103515625,127.4000015258789,308.7206726074219
2022-06-08,537.9611206054688,128.8000030517578,306.4989929199219
2022-06-09,534.994384765625,128.39999389648438,298.28955078125
2022-06-10,524.1165161132812,127.0999984741211,287.7686767578125
2022-06-13,510.27191162109375,123.55000305175781,274.3885192871094
2022-06-14,507.3052062988281,123.3499984741211,274.88665771484375
2022-06-15,503.349609375,122.75,281.7510986328125
2022-06-16,505.089599609375,122.5,270.3834228515625
2022-06-17,498.12969970703125,120.8499984741211,273.6711730957031
2022-06-21,502.1067810058594,122.19999694824219,280.5757751464844
2022-06-22,491.66693115234375,119.5,280.1665344238281
2022-06-23,482.718505859375,117.9000015258789,284.3390197753906
2022-06-24,483.7127685546875,118.1500015258789,294.08148193359375
2022-06-27,495.6440124511719,120.94999694824219,291.9253845214844
2022-06-28,494.6497497558594,119.80000305175781,283.0313720703125
2022-06-29,488.1869812011719,118.80000305175781,283.2908935546875
2022-06-30,473.2729187011719,115.80000305175781,279.7772216796875
2022-07-01,450.9018249511719,111.55000305175781,281.6239013671875
2022-07-05,443.4447937011719,111.0,286.4452209472656
2022-07-06,433.0049743652344,108.8499984741211,288.28192138671875
2022-07-07,454.87890625,112.0999984741211,294.45086669921875
2022-07-08,464.3244934082031,113.25,294.8201904296875
2022-07-11,459.3531494140625,112.25,288.5215148925781
2022-07-12,446.92474365234375,109.55000305175781,285.72650146484375
2022-07-13,467.804443359375,113.44999694824219,285.1375732421875
2022-07-14,472.2786560058594,114.0,286.15576171875
2022-07-15,489.67840576171875,115.5,291.346435546875
2022-07-18,492.6612243652344,114.19999694824219,288.880859375
2022-07-19,488.1869812011719,114.30000305175781,297.764892578125
2022-07-20,492.1640625,115.05000305175781,302.4864196777344
2022-07-21,498.12969970703125,116.3499984741211,306.82861328125
2022-07-22,500.1182556152344,116.80000305175781,301.4482727050781
2022-07-25,496.6383056640625,116.69999694824219,299.7313537597656
2022-07-26,492.1640625,115.6500015258789,293.8419494628906
2022-07-27,499.12396240234375,116.69999694824219,306.2596130371094
2022-07-28,498.12969970703125,116.9000015258789,309.2542419433594
2022-07-29,506.0838623046875,118.0,314.89410400390625
2022-08-01,501.1125183105469,117.6500015258789,314.7044372558594
2022-08-02,489.1812744140625,115.55000305175781,313.76611328125
2022-08-03,498.12969970703125,116.25,322.310791015625
2022-08-04,497.13543701171875,116.55000305175781,323.81805419921875
2022-08-05,513.0437622070312,119.5,321.1728210449219
2022-08-08,509.0666809082031,119.25,320.1346740722656
2022-08-09,507.078125,119.1500015258789,316.5111999511719
2022-08-10,497.13543701171875,117.9000015258789,325.3453063964844
2022-08-11,511.05523681640625,120.05000305175781,323.4986267089844
2022-08-12,514.0380249023438,120.80000305175781,329.7973327636719
2022-08-15,520.003662109375,121.9000015258789,332.4625244140625
2022-08-16,521.9921875,122.0999984741211,331.6839294433594
2022-08-17,523.9807739257812,122.1500015258789,327.9007263183594
2022-08-18,517.0208740234375,121.3499984741211,328.6893310546875
2022-08-19,516.0265502929688,121.55000305175781,322.28082275390625
2022-08-22,509.0666809082031,120.05000305175781,313.79608154296875
2022-08-23,501.1125183105469,118.19999694824219,313.53656005859375
2022-08-24,500.1182556152344,117.9000015258789,314.4449157714844
2022-08-25,505.089599609375,119.0,320.0049133300781
2022-08-26,509.0666809082031,119.5999984741211,306.88848876953125
2022-08-29,495.6440124511719,116.55000305175781,303.8639221191406
2022-08-30,493.1583557128906,116.75,300.4800109863281
2022-08-31,502.1067810058594,117.5999984741211,298.733154296875
2022-09-01,487.6898498535156,115.1500015258789,298.8629150390625
2022-09-02,482.22137451171875,113.9000015258789,294.6405334472656
2022-09-06,486.1984558105469,114.9000015258789,292.5242919921875
2022-09-07,469.79296875,112.19999694824219,298.4336853027344
2022-09-08,472.2786560058594,113.0,299.98089599609375
2022-09-12,483.7127685546875,115.4000015258789,310.18255615234375
2022-09-13,490.175537109375,116.0,293.17315673828125
2022-09-14,477.25,113.6500015258789,295.49896240234375
2022-09-15,476.5,113.8499984741211,290.57781982421875
2022-09-16,472.0,112.55000305175781,288.8009948730469
2022-09-19,467.0,112.05000305175781,291.04998779296875
2022-09-20,476.5,113.05000305175781,288.7300109863281
2022-09-21,471.0,112.0999984741211,283.55999755859375
2022-09-22,464.5,110.75,280.07000732421875
2022-09-23,455.0,109.69999694824219,275.510009765625
2022-09-26,446.5,107.6500015258789,274.3699951171875
2022-09-27,448.0,107.5,274.4800109863281
2022-09-28,438.0,105.25,279.94000244140625
2022-09-29,435.0,104.9000015258789,271.8699951171875
2022-09-30,422.0,103.44999694824219,267.260009765625
2022-10-03,417.0,102.19999694824219,273.5299987792969
2022-10-04,429.0,104.80000305175781,282.1300048828125
2022-10-05,445.0,107.25,281.9800109863281
2022-10-06,451.0,108.0,279.760009765625
2022-10-07,438.0,106.19999694824219,269.1000061035156
2022-10-11,401.5,100.69999694824219,262.75
2022-10-12,397.5,100.19999694824219,262.6600036621094
2022-10-13,395.0,99.0,268.82000732421875
2022-10-14,412.0,101.8499984741211,260.739990234375
2022-10-17,397.0,99.94999694824219,269.3500061035156
2022-10-18,407.0,101.0999984741211,271.4800109863281
2022-10-19,395.5,99.75,270.489990234375
2022-10-20,397.5,99.19999694824219,269.1099853515625
2022-10-21,389.5,98.9000015258789,275.4200134277344
2022-10-24,387.0,98.5999984741211,278.45001220703125
2022-10-25,371.0,96.69999694824219,284.2099914550781
2022-10-26,376.0,97.5999984741211,277.92999267578125
2022-10-27,385.5,99.0,272.8699951171875
2022-10-28,379.5,97.75,281.2200012207031
2022-10-31,390.0,99.05000305175781,277.95001220703125
2022-11-01,391.5,99.5999984741211,275.1099853515625
2022-11-02,395.0,100.0,265.67999267578125
2022-11-03,384.0,98.69999694824219,260.489990234375
2022-11-04,382.0,98.8499984741211,264.67999267578125
2022-11-07,390.0,100.55000305175781,267.5899963378906
2022-11-08,399.0,101.5999984741211,269.5400085449219
2022-11-09,417.0,104.5,263.32000732421875
2022-11-10,407.5,103.5,282.75
2022-11-11,441.5,109.0,287.9599914550781
2022-11-14,445.0,110.0,285.44000244140625
2022-11-15,480.0,114.69999694824219,289.3900146484375
2022-11-16,487.0,114.5,285.44000244140625
2022-11-17,485.0,114.55000305175781,284.80999755859375
2022-11-18,487.0,114.25,284.82000732421875
2022-11-21,482.0,113.8499984741211,281.8900146484375
2022-11-22,491.0,114.80000305175781,285.95001220703125
2022-11-23,492.0,115.5999984741211,288.82000732421875
2022-11-25,498.0,116.69999694824219,286.9200134277344
2022-11-28,480.5,114.3499984741211,282.7099914550781
2022-11-29,487.0,115.4000015258789,280.57000732421875
2022-11-30,490.0,116.3499984741211,293.3599853515625
2022-12-01,498.5,118.3499984741211,293.7200012207031
2022-12-02,492.5,117.30000305175781,292.54998779296875
2022-12-05,489.0,117.44999694824219,287.6400146484375
